{"cameraMode":{"drawMode":0,"name":"Shaded","section":"Shading Mode"},"sceneLighting":false,"audioPlay":false,"sceneViewState":{"m_AlwaysRefresh":false,"showFog":true,"showSkybox":false,"showFlares":true,"showImageEffects":true,"showParticleSystems":true,"showVisualEffectGraphs":true,"m_FxEnabled":true},"in2DMode":false,"pivot":{"x":461.9353942871094,"y":285.9185485839844,"z":0.37218862771987917},"rotation":{"x":-0.1568046510219574,"y":-0.06602294743061066,"z":0.010505681857466698,"w":-0.9853668808937073},"size":0.5857813954353333,"orthographic":false}